ISIN Code,Company Name,Industry,Symbol,Series
INE466L01038,360 ONE WAM Ltd.,Financial Services,360ONE,EQ
INE470A01017,3M India Ltd.,Diversified,3MINDIA,EQ
INE117A01022,ABB India Ltd.,Capital Goods,ABB,EQ
INE012A01025,ACC Ltd.,Construction Materials,ACC,EQ
INE622W01025,ACME Solar Holdings Ltd.,Power,ACMESOLAR,EQ
INE212H01026,AIA Engineering Ltd.,Capital Goods,AIAENG,EQ
INE702C01027,APL Apollo Tubes Ltd.,Capital Goods,APLAPOLLO,EQ
INE949L01017,AU Small Finance Bank Ltd.,Financial Services,AUBANK,EQ
INE699H01024,AWL Agri Business Ltd.,Fast Moving Consumer Goods,AWL,EQ
INE883F01010,Aadhar Housing Finance Ltd.,Financial Services,AADHARHFC,EQ
INE769A01020,Aarti Industries Ltd.,Chemicals,AARTIIND,EQ
INE216P01012,Aavas Financiers Ltd.,Financial Services,AAVAS,EQ
INE358A01014,Abbott India Ltd.,Healthcare,ABBOTINDIA,EQ
INE731H01025,Action Construction Equipment Ltd.,Capital Goods,ACE,EQ
INE931S01010,Adani Energy Solutions Ltd.,Power,ADANIENSOL,EQ
INE423A01024,Adani Enterprises Ltd.,Metals & Mining,ADANIENT,EQ
INE364U01010,Adani Green Energy Ltd.,Power,ADANIGREEN,EQ
INE742F01042,Adani Ports and Special Economic Zone Ltd.,Services,ADANIPORTS,EQ
INE814H01029,Adani Power Ltd.,Power,ADANIPOWER,EQ
INE399L01023,Adani Total Gas Ltd.,Oil Gas & Consumable Fuels,ATGL,EQ
INE674K01013,Aditya Birla Capital Ltd.,Financial Services,ABCAPITAL,EQ
INE647O01011,Aditya Birla Fashion and Retail Ltd.,Consumer Services,ABFRL,EQ
INE14LE01019,Aditya Birla Lifestyle Brands Ltd.,Consumer Services,ABLBL,EQ
INE055A01016,Aditya Birla Real Estate Ltd.,Forest Materials,ABREL,EQ
INE404A01024,Aditya Birla Sun Life AMC Ltd.,Financial Services,ABSLAMC,EQ
INE208C01025,Aegis Logistics Ltd.,Oil Gas & Consumable Fuels,AEGISLOG,EQ
INE0INX01018,Aegis Vopak Terminals Ltd.,Oil Gas & Consumable Fuels,AEGISVOPAK,EQ
INE101I01011,Afcons Infrastructure Ltd.,Construction,AFCONS,EQ
INE00WC01027,Affle 3i Ltd.,Information Technology,AFFLE,EQ
INE031B01049,Ajanta Pharmaceuticals Ltd.,Healthcare,AJANTPHARM,EQ
INE09XN01023,Akums Drugs and Pharmaceuticals Ltd.,Healthcare,AKUMS,EQ
INE133A01011,Akzo Nobel India Ltd.,Consumer Durables,AKZOINDIA,EQ
INE901L01018,Alembic Pharmaceuticals Ltd.,Healthcare,APLLTD,EQ
INE540L01014,Alkem Laboratories Ltd.,Healthcare,ALKEM,EQ
INE150B01039,Alkyl Amines Chemicals Ltd.,Chemicals,ALKYLAMINE,EQ
INE270A01029,Alok Industries Ltd.,Textiles,ALOKINDS,EQ
INE885A01032,Amara Raja Energy & Mobility Ltd.,Automobile and Auto Components,ARE&M,EQ
INE371P01015,Amber Enterprises India Ltd.,Consumer Durables,AMBER,EQ
INE079A01024,Ambuja Cements Ltd.,Construction Materials,AMBUJACEM,EQ
INE463V01026,Anand Rathi Wealth Ltd.,Financial Services,ANANDRATHI,EQ
INE242C01024,Anant Raj Ltd.,Realty,ANANTRAJ,EQ
INE732I01013,Angel One Ltd.,Financial Services,ANGELONE,EQ
INE372A01015,Apar Industries Ltd.,Capital Goods,APARINDS,EQ
INE437A01024,Apollo Hospitals Enterprise Ltd.,Healthcare,APOLLOHOSP,EQ
INE438A01022,Apollo Tyres Ltd.,Automobile and Auto Components,APOLLOTYRE,EQ
INE852O01025,Aptus Value Housing Finance India Ltd.,Financial Services,APTUS,EQ
INE439A01020,Asahi India Glass Ltd.,Automobile and Auto Components,ASAHIINDIA,EQ
INE208A01029,Ashok Leyland Ltd.,Capital Goods,ASHOKLEY,EQ
INE021A01026,Asian Paints Ltd.,Consumer Durables,ASIANPAINT,EQ
INE914M01019,Aster DM Healthcare Ltd.,Healthcare,ASTERDM,EQ
INE203A01020,AstraZenca Pharma India Ltd.,Healthcare,ASTRAZEN,EQ
INE006I01046,Astral Ltd.,Capital Goods,ASTRAL,EQ
INE0LEZ01016,Ather Energy Ltd.,Automobile and Auto Components,ATHERENERG,EQ
INE100A01010,Atul Ltd.,Chemicals,ATUL,EQ
INE406A01037,Aurobindo Pharma Ltd.,Healthcare,AUROPHARMA,EQ
INE206F01022,Authum Investment & Infrastructure Ltd.,Financial Services,AIIL,EQ
INE192R01011,Avenue Supermarts Ltd.,Consumer Services,DMART,EQ
INE238A01034,Axis Bank Ltd.,Financial Services,AXISBANK,EQ
INE373A01013,BASF India Ltd.,Chemicals,BASF,EQ
INE258A01024,BEML Ltd.,Capital Goods,BEML,EQ
INE153T01027,BLS International Services Ltd.,Consumer Services,BLS,EQ
INE118H01025,BSE Ltd.,Financial Services,BSE,EQ
INE917I01010,Bajaj Auto Ltd.,Automobile and Auto Components,BAJAJ-AUTO,EQ
INE296A01032,Bajaj Finance Ltd.,Financial Services,BAJFINANCE,EQ
INE918I01026,Bajaj Finserv Ltd.,Financial Services,BAJAJFINSV,EQ
INE118A01012,Bajaj Holdings & Investment Ltd.,Financial Services,BAJAJHLDNG,EQ
INE377Y01014,Bajaj Housing Finance Ltd.,Financial Services,BAJAJHFL,EQ
INE787D01026,Balkrishna Industries Ltd.,Automobile and Auto Components,BALKRISIND,EQ
INE119A01028,Balrampur Chini Mills Ltd.,Fast Moving Consumer Goods,BALRAMCHIN,EQ
INE545U01014,Bandhan Bank Ltd.,Financial Services,BANDHANBNK,EQ
INE028A01039,Bank of Baroda,Financial Services,BANKBARODA,EQ
INE084A01016,Bank of India,Financial Services,BANKINDIA,EQ
INE457A01014,Bank of Maharashtra,Financial Services,MAHABANK,EQ
INE176A01028,Bata India Ltd.,Consumer Durables,BATAINDIA,EQ
INE462A01022,Bayer Cropscience Ltd.,Chemicals,BAYERCROP,EQ
INE463A01038,Berger Paints India Ltd.,Consumer Durables,BERGEPAINT,EQ
INE171Z01026,Bharat Dynamics Ltd.,Capital Goods,BDL,EQ
INE263A01024,Bharat Electronics Ltd.,Capital Goods,BEL,EQ
INE465A01025,Bharat Forge Ltd.,Automobile and Auto Components,BHARATFORG,EQ
INE257A01026,Bharat Heavy Electricals Ltd.,Capital Goods,BHEL,EQ
INE029A01011,Bharat Petroleum Corporation Ltd.,Oil Gas & Consumable Fuels,BPCL,EQ
INE397D01024,Bharti Airtel Ltd.,Telecommunication,BHARTIARTL,EQ
INE343G01021,Bharti Hexacom Ltd.,Telecommunication,BHARTIHEXA,EQ
INE00E101023,Bikaji Foods International Ltd.,Fast Moving Consumer Goods,BIKAJI,EQ
INE376G01013,Biocon Ltd.,Healthcare,BIOCON,EQ
INE836A01035,Birlasoft Ltd.,Information Technology,BSOFT,EQ
INE233B01017,Blue Dart Express Ltd.,Services,BLUEDART,EQ
INE0KBH01020,Blue Jet Healthcare Ltd.,Healthcare,BLUEJET,EQ
INE472A01039,Blue Star Ltd.,Consumer Durables,BLUESTARCO,EQ
INE050A01025,Bombay Burmah Trading Corporation Ltd.,Fast Moving Consumer Goods,BBTC,EQ
INE323A01026,Bosch Ltd.,Automobile and Auto Components,BOSCHLTD,EQ
INE02RE01045,Brainbees Solutions Ltd.,Consumer Services,FIRSTCRY,EQ
INE791I01019,Brigade Enterprises Ltd.,Realty,BRIGADE,EQ
INE216A01030,Britannia Industries Ltd.,Fast Moving Consumer Goods,BRITANNIA,EQ
INE0BV301023,C.E. Info Systems Ltd.,Information Technology,MAPMYINDIA,EQ
INE421D01022,CCL Products (I) Ltd.,Fast Moving Consumer Goods,CCL,EQ
INE486A01021,CESC Ltd.,Power,CESC,EQ
INE067A01029,CG Power and Industrial Solutions Ltd.,Capital Goods,CGPOWER,EQ
INE007A01025,CRISIL Ltd.,Financial Services,CRISIL,EQ
INE278Y01022,Campus Activewear Ltd.,Consumer Durables,CAMPUS,EQ
INE477A01020,Can Fin Homes Ltd.,Financial Services,CANFINHOME,EQ
INE476A01022,Canara Bank,Financial Services,CANBK,EQ
INE475E01026,Caplin Point Laboratories Ltd.,Healthcare,CAPLIPOINT,EQ
INE180C01042,Capri Global Capital Ltd.,Financial Services,CGCL,EQ
INE120A01034,Carborundum Universal Ltd.,Capital Goods,CARBORUNIV,EQ
INE172A01027,Castrol India Ltd.,Oil Gas & Consumable Fuels,CASTROLIND,EQ
INE482A01020,Ceat Ltd.,Automobile and Auto Components,CEATLTD,EQ
INE483A01010,Central Bank of India,Financial Services,CENTRALBK,EQ
INE736A01011,Central Depository Services (India) Ltd.,Financial Services,CDSL,EQ
INE348B01021,Century Plyboards (India) Ltd.,Consumer Durables,CENTURYPLY,EQ
INE739E01017,Cera Sanitaryware Ltd,Consumer Durables,CERA,EQ
INE427F01016,Chalet Hotels Ltd.,Consumer Services,CHALET,EQ
INE085A01013,Chambal Fertilizers & Chemicals Ltd.,Chemicals,CHAMBLFERT,EQ
INE178A01016,Chennai Petroleum Corporation Ltd.,Oil Gas & Consumable Fuels,CHENNPETRO,EQ
INE102B01014,Choice International Ltd.,Financial Services,CHOICEIN,EQ
INE149A01033,Cholamandalam Financial Holdings Ltd.,Financial Services,CHOLAHLDNG,EQ
INE121A01024,Cholamandalam Investment and Finance Company Ltd.,Financial Services,CHOLAFIN,EQ
INE059A01026,Cipla Ltd.,Healthcare,CIPLA,EQ
INE491A01021,City Union Bank Ltd.,Financial Services,CUB,EQ
INE227W01023,Clean Science and Technology Ltd.,Chemicals,CLEAN,EQ
INE522F01014,Coal India Ltd.,Oil Gas & Consumable Fuels,COALINDIA,EQ
INE704P01025,Cochin Shipyard Ltd.,Capital Goods,COCHINSHIP,EQ
INE591G01025,Coforge Ltd.,Information Technology,COFORGE,EQ
INE03QK01018,Cohance Lifesciences Ltd.,Healthcare,COHANCE,EQ
INE259A01022,Colgate Palmolive (India) Ltd.,Fast Moving Consumer Goods,COLPAL,EQ
INE596I01020,Computer Age Management Services Ltd.,Financial Services,CAMS,EQ
INE338H01029,Concord Biotech Ltd.,Healthcare,CONCORDBIO,EQ
INE111A01025,Container Corporation of India Ltd.,Services,CONCOR,EQ
INE169A01031,Coromandel International Ltd.,Chemicals,COROMANDEL,EQ
INE00LO01017,Craftsman Automation Ltd.,Automobile and Auto Components,CRAFTSMAN,EQ
INE741K01010,CreditAccess Grameen Ltd.,Financial Services,CREDITACC,EQ
INE299U01018,Crompton Greaves Consumer Electricals Ltd.,Consumer Durables,CROMPTON,EQ
INE298A01020,Cummins India Ltd.,Capital Goods,CUMMINSIND,EQ
INE136B01020,Cyient Ltd.,Information Technology,CYIENT,EQ
INE499A01024,DCM Shriram Ltd.,Diversified,DCMSHRIRAM,EQ
INE271C01023,DLF Ltd.,Realty,DLF,EQ
INE321T01012,DOMS Industries Ltd.,Fast Moving Consumer Goods,DOMS,EQ
INE016A01026,Dabur India Ltd.,Fast Moving Consumer Goods,DABUR,EQ
INE00R701025,Dalmia Bharat Ltd.,Construction Materials,DALBHARAT,EQ
INE0IX101010,Data Patterns (India) Ltd.,Capital Goods,DATAPATTNS,EQ
INE501A01019,Deepak Fertilisers & Petrochemicals Corp. Ltd.,Chemicals,DEEPAKFERT,EQ
INE288B01029,Deepak Nitrite Ltd.,Chemicals,DEEPAKNTR,EQ
INE148O01028,Delhivery Ltd.,Services,DELHIVERY,EQ
INE872J01023,Devyani International Ltd.,Consumer Services,DEVYANI,EQ
INE361B01024,Divi's Laboratories Ltd.,Healthcare,DIVISLAB,EQ
INE935N01020,Dixon Technologies (India) Ltd.,Consumer Durables,DIXON,EQ
INE943P01029,Dr. Agarwal's Health Care Ltd.,Healthcare,AGARWALEYE,EQ
INE600L01024,Dr. Lal Path Labs Ltd.,Healthcare,LALPATHLAB,EQ
INE089A01031,Dr. Reddy's Laboratories Ltd.,Healthcare,DRREDDY,EQ
DUM030A01027,Dummy Hindustan Unilever Ltd.,Fast Moving Consumer Goods,DUMMYHDLVR,EQ
INE126A01031,E.I.D. Parry (India) Ltd.,Fast Moving Consumer Goods,EIDPARRY,EQ
INE230A01023,EIH Ltd.,Consumer Services,EIHOTEL,EQ
INE066A01021,Eicher Motors Ltd.,Automobile and Auto Components,EICHERMOT,EQ
INE205B01031,Elecon Engineering Co. Ltd.,Capital Goods,ELECON,EQ
INE285A01027,Elgi Equipments Ltd.,Capital Goods,ELGIEQUIP,EQ
INE548C01032,Emami Ltd.,Fast Moving Consumer Goods,EMAMILTD,EQ
INE168P01015,Emcure Pharmaceuticals Ltd.,Healthcare,EMCURE,EQ
INE913H01037,Endurance Technologies Ltd.,Automobile and Auto Components,ENDURANCE,EQ
INE510A01028,Engineers India Ltd.,Construction,ENGINERSIN,EQ
INE406M01024,Eris Lifesciences Ltd.,Healthcare,ERIS,EQ
INE042A01014,Escorts Kubota Ltd.,Capital Goods,ESCORTS,EQ
INE758T01015,Eternal Ltd.,Consumer Services,ETERNAL,EQ
INE302A01020,Exide Industries Ltd.,Automobile and Auto Components,EXIDEIND,EQ
INE388Y01029,FSN E-Commerce Ventures Ltd.,Consumer Services,NYKAA,EQ
INE171A01029,Federal Bank Ltd.,Financial Services,FEDERALBNK,EQ
INE188A01015,Fertilisers and Chemicals Travancore Ltd.,Chemicals,FACT,EQ
INE235A01022,Finolex Cables Ltd.,Capital Goods,FINCABLES,EQ
INE183A01024,Finolex Industries Ltd.,Capital Goods,FINPIPE,EQ
INE684F01012,Firstsource Solutions Ltd.,Services,FSL,EQ
INE128S01021,Five-Star Business Finance Ltd.,Financial Services,FIVESTAR,EQ
INE451A01017,Force Motors Ltd.,Automobile and Auto Components,FORCEMOT,EQ
INE061F01013,Fortis Healthcare Ltd.,Healthcare,FORTIS,EQ
INE129A01019,GAIL (India) Ltd.,Oil Gas & Consumable Fuels,GAIL,EQ
INE200A01026,GE Vernova T&D India Ltd.,Capital Goods,GVT&D,EQ
INE776C01039,GMR Airports Ltd.,Services,GMRAIRPORT,EQ
INE382Z01011,Garden Reach Shipbuilders & Engineers Ltd.,Capital Goods,GRSE,EQ
INE481Y01014,General Insurance Corporation of India,Financial Services,GICRE,EQ
INE322A01010,Gillette India Ltd.,Fast Moving Consumer Goods,GILLETTE,EQ
INE068V01023,Gland Pharma Ltd.,Healthcare,GLAND,EQ
INE159A01016,Glaxosmithkline Pharmaceuticals Ltd.,Healthcare,GLAXO,EQ
INE935A01035,Glenmark Pharmaceuticals Ltd.,Healthcare,GLENMARK,EQ
INE474Q01031,Global Health Ltd.,Healthcare,MEDANTA,EQ
INE03JT01014,Go Digit General Insurance Ltd.,Financial Services,GODIGIT,EQ
INE177H01039,Godawari Power & Ispat Ltd.,Capital Goods,GPIL,EQ
INE260B01028,Godfrey Phillips India Ltd.,Fast Moving Consumer Goods,GODFRYPHLP,EQ
INE850D01014,Godrej Agrovet Ltd.,Fast Moving Consumer Goods,GODREJAGRO,EQ
INE102D01028,Godrej Consumer Products Ltd.,Fast Moving Consumer Goods,GODREJCP,EQ
INE233A01035,Godrej Industries Ltd.,Diversified,GODREJIND,EQ
INE484J01027,Godrej Properties Ltd.,Realty,GODREJPROP,EQ
INE101D01020,Granules India Ltd.,Healthcare,GRANULES,EQ
INE371A01025,Graphite India Ltd.,Capital Goods,GRAPHITE,EQ
INE047A01021,Grasim Industries Ltd.,Construction Materials,GRASIM,EQ
INE024L01027,Gravita India Ltd.,Metals & Mining,GRAVITA,EQ
INE017A01032,Great Eastern Shipping Co. Ltd.,Services,GESHIP,EQ
INE09N301011,Gujarat Fluorochemicals Ltd.,Chemicals,FLUOROCHEM,EQ
INE844O01030,Gujarat Gas Ltd.,Oil Gas & Consumable Fuels,GUJGASLTD,EQ
INE131A01031,Gujarat Mineral Development Corporation Ltd.,Metals & Mining,GMDCLTD,EQ
INE246F01010,Gujarat State Petronet Ltd.,Oil Gas & Consumable Fuels,GSPL,EQ
INE545A01024,H.E.G. Ltd.,Capital Goods,HEG,EQ
INE292B01021,HBL Engineering Ltd.,Capital Goods,HBLENGINE,EQ
INE860A01027,HCL Technologies Ltd.,Information Technology,HCLTECH,EQ
INE127D01025,HDFC Asset Management Company Ltd.,Financial Services,HDFCAMC,EQ
INE040A01034,HDFC Bank Ltd.,Financial Services,HDFCBANK,EQ
INE795G01014,HDFC Life Insurance Company Ltd.,Financial Services,HDFCLIFE,EQ
INE548A01028,HFCL Ltd.,Telecommunication,HFCL,EQ
INE419U01012,Happiest Minds Technologies Ltd.,Information Technology,HAPPSTMNDS,EQ
INE176B01034,Havells India Ltd.,Consumer Durables,HAVELLS,EQ
INE158A01026,Hero MotoCorp Ltd.,Automobile and Auto Components,HEROMOTOCO,EQ
INE093A01041,Hexaware Technologies Ltd.,Information Technology,HEXT,EQ
INE019C01026,Himadri Speciality Chemical Ltd.,Chemicals,HSCL,EQ
INE038A01020,Hindalco Industries Ltd.,Metals & Mining,HINDALCO,EQ
INE066F01020,Hindustan Aeronautics Ltd.,Capital Goods,HAL,EQ
INE531E01026,Hindustan Copper Ltd.,Metals & Mining,HINDCOPPER,EQ
INE094A01015,Hindustan Petroleum Corporation Ltd.,Oil Gas & Consumable Fuels,HINDPETRO,EQ
INE030A01027,Hindustan Unilever Ltd.,Fast Moving Consumer Goods,HINDUNILVR,EQ
INE267A01025,Hindustan Zinc Ltd.,Metals & Mining,HINDZINC,EQ
INE07Y701011,Hitachi Energy India Ltd.,Capital Goods,POWERINDIA,EQ
INE481N01025,Home First Finance Company India Ltd.,Financial Services,HOMEFIRST,EQ
INE0J5401028,Honasa Consumer Ltd.,Fast Moving Consumer Goods,HONASA,EQ
INE671A01010,Honeywell Automation India Ltd.,Capital Goods,HONAUT,EQ
INE031A01017,Housing & Urban Development Corporation Ltd.,Financial Services,HUDCO,EQ
INE0V6F01027,Hyundai Motor India Ltd.,Automobile and Auto Components,HYUNDAI,EQ
INE090A01021,ICICI Bank Ltd.,Financial Services,ICICIBANK,EQ
INE765G01017,ICICI Lombard General Insurance Company Ltd.,Financial Services,ICICIGI,EQ
INE726G01019,ICICI Prudential Life Insurance Company Ltd.,Financial Services,ICICIPRULI,EQ
INE008A01015,IDBI Bank Ltd.,Financial Services,IDBI,EQ
INE092T01019,IDFC First Bank Ltd.,Financial Services,IDFCFIRSTB,EQ
INE039A01010,IFCI Ltd.,Financial Services,IFCI,EQ
INE530B01024,IIFL Finance Ltd.,Financial Services,IIFL,EQ
INE616N01034,INOX India Ltd.,Capital Goods,INOXINDIA,EQ
INE821I01022,IRB Infrastructure Developers Ltd.,Construction,IRB,EQ
INE962Y01021,IRCON International Ltd.,Construction,IRCON,EQ
INE379A01028,ITC Hotels Ltd.,Consumer Services,ITCHOTELS,EQ
INE154A01025,ITC Ltd.,Fast Moving Consumer Goods,ITC,EQ
INE248A01017,ITI Ltd.,Telecommunication,ITI,EQ
INE065X01017,Indegene Ltd.,Healthcare,INDGN,EQ
INE383A01012,India Cements Ltd.,Construction Materials,INDIACEM,EQ
INE933S01016,Indiamart Intermesh Ltd.,Consumer Services,INDIAMART,EQ
INE562A01011,Indian Bank,Financial Services,INDIANB,EQ
INE022Q01020,Indian Energy Exchange Ltd.,Financial Services,IEX,EQ
INE053A01029,Indian Hotels Co. Ltd.,Consumer Services,INDHOTEL,EQ
INE242A01010,Indian Oil Corporation Ltd.,Oil Gas & Consumable Fuels,IOC,EQ
INE565A01014,Indian Overseas Bank,Financial Services,IOB,EQ
INE335Y01020,Indian Railway Catering And Tourism Corporation Ltd.,Consumer Services,IRCTC,EQ
INE053F01010,Indian Railway Finance Corporation Ltd.,Financial Services,IRFC,EQ
INE202E01016,Indian Renewable Energy Development Agency Ltd.,Financial Services,IREDA,EQ
INE203G01027,Indraprastha Gas Ltd.,Oil Gas & Consumable Fuels,IGL,EQ
INE121J01017,Indus Towers Ltd.,Telecommunication,INDUSTOWER,EQ
INE095A01012,IndusInd Bank Ltd.,Financial Services,INDUSINDBK,EQ
INE663F01032,Info Edge (India) Ltd.,Consumer Services,NAUKRI,EQ
INE009A01021,Infosys Ltd.,Information Technology,INFY,EQ
INE066P01011,Inox Wind Ltd.,Capital Goods,INOXWIND,EQ
INE306R01017,Intellect Design Arena Ltd.,Information Technology,INTELLECT,EQ
INE646L01027,InterGlobe Aviation Ltd.,Services,INDIGO,EQ
INE0Q9301021,International Gemmological Institute (India) Ltd.,Services,IGIL,EQ
INE115Q01022,Inventurus Knowledge Solutions Ltd.,Information Technology,IKS,EQ
INE571A01038,Ipca Laboratories Ltd.,Healthcare,IPCALAB,EQ
INE572A01036,J.B. Chemicals & Pharmaceuticals Ltd.,Healthcare,JBCHEPHARM,EQ
INE823G01014,J.K. Cement Ltd.,Construction Materials,JKCEMENT,EQ
INE927D01051,JBM Auto Ltd.,Automobile and Auto Components,JBMA,EQ
INE573A01042,JK Tyre & Industries Ltd.,Automobile and Auto Components,JKTYRE,EQ
INE780C01023,JM Financial Ltd.,Financial Services,JMFINANCIL,EQ
INE718I01012,JSW Cement Ltd.,Construction Materials,JSWCEMENT,EQ
INE121E01018,JSW Energy Ltd.,Power,JSWENERGY,EQ
INE880J01026,JSW Infrastructure Ltd.,Services,JSWINFRA,EQ
INE019A01038,JSW Steel Ltd.,Metals & Mining,JSWSTEEL,EQ
INE351F01018,Jaiprakash Power Ventures Ltd.,Power,JPPOWER,EQ
INE168A01041,Jammu & Kashmir Bank Ltd.,Financial Services,J&KBANK,EQ
INE324A01032,Jindal Saw Ltd.,Capital Goods,JINDALSAW,EQ
INE220G01021,Jindal Stainless Ltd.,Metals & Mining,JSL,EQ
INE749A01030,Jindal Steel Ltd.,Metals & Mining,JINDALSTEL,EQ
INE758E01017,Jio Financial Services Ltd.,Financial Services,JIOFIN,EQ
INE797F01020,Jubilant Foodworks Ltd.,Consumer Services,JUBLFOOD,EQ
INE0BY001018,Jubilant Ingrevia Ltd.,Chemicals,JUBLINGREA,EQ
INE700A01033,Jubilant Pharmova Ltd.,Healthcare,JUBLPHARMA,EQ
INE209L01016,Jupiter Wagons Ltd.,Capital Goods,JWL,EQ
INE668F01031,Jyothy Labs Ltd.,Fast Moving Consumer Goods,JYOTHYLAB,EQ
INE980O01024,Jyoti CNC Automation Ltd.,Capital Goods,JYOTICNC,EQ
INE930H01031,K.P.R. Mill Ltd.,Textiles,KPRMILL,EQ
INE878B01027,KEI Industries Ltd.,Capital Goods,KEI,EQ
INE04I401011,KPIT Technologies Ltd.,Information Technology,KPITTECH,EQ
INE999A01023,KSB Ltd.,Capital Goods,KSB,EQ
INE217B01036,Kajaria Ceramics Ltd.,Consumer Durables,KAJARIACER,EQ
INE220B01022,Kalpataru Projects International Ltd.,Construction,KPIL,EQ
INE303R01014,Kalyan Jewellers India Ltd.,Consumer Durables,KALYANKJIL,EQ
INE036D01028,Karur Vysya Bank Ltd.,Financial Services,KARURVYSYA,EQ
INE918Z01012,Kaynes Technology India Ltd.,Capital Goods,KAYNES,EQ
INE389H01022,Kec International Ltd.,Construction,KEC,EQ
INE138Y01010,Kfin Technologies Ltd.,Financial Services,KFINTECH,EQ
INE732A01036,Kirloskar Brothers Ltd.,Capital Goods,KIRLOSBROS,EQ
INE146L01010,Kirloskar Oil Eng Ltd.,Capital Goods,KIRLOSENG,EQ
INE237A01036,Kotak Mahindra Bank Ltd.,Financial Services,KOTAKBANK,EQ
INE967H01025,Krishna Institute of Medical Sciences Ltd.,Healthcare,KIMS,EQ
INE498L01015,L&T Finance Ltd.,Financial Services,LTF,EQ
INE010V01017,L&T Technology Services Ltd.,Information Technology,LTTS,EQ
INE115A01026,LIC Housing Finance Ltd.,Financial Services,LICHSGFIN,EQ
INE818H01020,LT Foods Ltd.,Fast Moving Consumer Goods,LTFOODS,EQ
INE214T01019,LTIMindtree Ltd.,Information Technology,LTIM,EQ
INE018A01030,Larsen & Toubro Ltd.,Construction,LT,EQ
INE0I7C01011,Latent View Analytics Ltd.,Information Technology,LATENTVIEW,EQ
INE947Q01028,Laurus Labs Ltd.,Healthcare,LAURUSLABS,EQ
INE0AQ201015,Leela Palaces Hotels & Resorts Ltd.,Consumer Services,THELEELA,EQ
INE970X01018,Lemon Tree Hotels Ltd.,Consumer Services,LEMONTREE,EQ
INE0J1Y01017,Life Insurance Corporation of India,Financial Services,LICI,EQ
INE473A01011,Linde India Ltd.,Chemicals,LINDEINDIA,EQ
INE281B01032,Lloyds Metals And Energy Ltd.,Metals & Mining,LLOYDSME,EQ
INE670K01029,Lodha Developers Ltd.,Realty,LODHA,EQ
INE326A01037,Lupin Ltd.,Healthcare,LUPIN,EQ
INE123F01029,MMTC Ltd.,Services,MMTC,EQ
INE883A01011,MRF Ltd.,Automobile and Auto Components,MRF,EQ
INE002S01010,Mahanagar Gas Ltd.,Oil Gas & Consumable Fuels,MGL,EQ
INE288A01013,Maharashtra Scooters Ltd.,Financial Services,MAHSCOOTER,EQ
INE271B01025,Maharashtra Seamless Ltd.,Capital Goods,MAHSEAMLES,EQ
INE774D01024,Mahindra & Mahindra Financial Services Ltd.,Financial Services,M&MFIN,EQ
INE101A01026,Mahindra & Mahindra Ltd.,Automobile and Auto Components,M&M,EQ
INE522D01027,Manappuram Finance Ltd.,Financial Services,MANAPPURAM,EQ
INE103A01014,Mangalore Refinery & Petrochemicals Ltd.,Oil Gas & Consumable Fuels,MRPL,EQ
INE634S01028,Mankind Pharma Ltd.,Healthcare,MANKIND,EQ
INE196A01026,Marico Ltd.,Fast Moving Consumer Goods,MARICO,EQ
INE585B01010,Maruti Suzuki India Ltd.,Automobile and Auto Components,MARUTI,EQ
INE180A01020,Max Financial Services Ltd.,Financial Services,MFSL,EQ
INE027H01010,Max Healthcare Institute Ltd.,Healthcare,MAXHEALTH,EQ
INE249Z01020,Mazagoan Dock Shipbuilders Ltd.,Capital Goods,MAZDOCK,EQ
INE112L01020,Metropolis Healthcare Ltd.,Healthcare,METROPOLIS,EQ
INE842C01021,Minda Corporation Ltd.,Automobile and Auto Components,MINDACORP,EQ
INE0FS801015,Motherson Sumi Wiring India Ltd.,Automobile and Auto Components,MSUMI,EQ
INE338I01027,Motilal Oswal Financial Services Ltd.,Financial Services,MOTILALOFS,EQ
INE356A01018,MphasiS Ltd.,Information Technology,MPHASIS,EQ
INE745G01043,Multi Commodity Exchange of India Ltd.,Financial Services,MCX,EQ
INE414G01012,Muthoot Finance Ltd.,Financial Services,MUTHOOTFIN,EQ
INE987B01026,NATCO Pharma Ltd.,Healthcare,NATCOPHARM,EQ
INE095N01031,NBCC (India) Ltd.,Construction,NBCC,EQ
INE868B01028,NCC Ltd.,Construction,NCC,EQ
INE848E01016,NHPC Ltd.,Power,NHPC,EQ
INE589A01014,NLC India Ltd.,Power,NLCINDIA,EQ
INE584A01023,NMDC Ltd.,Metals & Mining,NMDC,EQ
INE0NNS01018,NMDC Steel Ltd.,Metals & Mining,NSLNISP,EQ
INE0ONG01011,NTPC Green Energy Ltd.,Power,NTPCGREEN,EQ
INE733E01010,NTPC Ltd.,Power,NTPC,EQ
INE410P01011,Narayana Hrudayalaya Ltd.,Healthcare,NH,EQ
INE139A01034,National Aluminium Co. Ltd.,Metals & Mining,NATIONALUM,EQ
INE725A01030,Nava Ltd.,Power,NAVA,EQ
INE048G01026,Navin Fluorine International Ltd.,Chemicals,NAVINFLUOR,EQ
INE239A01024,Nestle India Ltd.,Fast Moving Consumer Goods,NESTLEIND,EQ
INE0NT901020,Netweb Technologies India Ltd.,Information Technology,NETWEB,EQ
INE794A01010,Neuland Laboratories Ltd.,Healthcare,NEULANDLAB,EQ
INE619B01017,Newgen Software Technologies Ltd.,Information Technology,NEWGEN,EQ
INE298J01013,Nippon Life India Asset Management Ltd.,Financial Services,NAM-INDIA,EQ
INE995S01015,Niva Bupa Health Insurance Company Ltd.,Financial Services,NIVABUPA,EQ
INE531F01023,Nuvama Wealth Management Ltd.,Financial Services,NUVAMA,EQ
INE118D01016,Nuvoco Vistas Corporation Ltd.,Construction Materials,NUVOCO,EQ
INE093I01010,Oberoi Realty Ltd.,Realty,OBEROIRLTY,EQ
INE213A01029,Oil & Natural Gas Corporation Ltd.,Oil Gas & Consumable Fuels,ONGC,EQ
INE274J01014,Oil India Ltd.,Oil Gas & Consumable Fuels,OIL,EQ
INE0LXG01040,Ola Electric Mobility Ltd.,Automobile and Auto Components,OLAELEC,EQ
INE260D01016,Olectra Greentech Ltd.,Automobile and Auto Components,OLECTRA,EQ
INE982J01020,One 97 Communications Ltd.,Financial Services,PAYTM,EQ
INE013P01021,Onesource Specialty Pharma Ltd.,Healthcare,ONESOURCE,EQ
INE881D01027,Oracle Financial Services Software Ltd.,Information Technology,OFSS,EQ
INE417T01026,PB Fintech Ltd.,Financial Services,POLICYBZR,EQ
INE602A01031,PCBL Chemical Ltd.,Chemicals,PCBL,EQ
INE457L01029,PG Electroplast Ltd.,Consumer Durables,PGEL,EQ
INE603J01030,PI Industries Ltd.,Chemicals,PIIND,EQ
INE572E01012,PNB Housing Finance Ltd.,Financial Services,PNBHOUSING,EQ
INE596F01018,PTC Industries Ltd.,Capital Goods,PTCIL,EQ
INE191H01014,PVR INOX Ltd.,Media Entertainment & Publication,PVRINOX,EQ
INE761H01022,Page Industries Ltd.,Textiles,PAGEIND,EQ
INE619A01035,Patanjali Foods Ltd.,Fast Moving Consumer Goods,PATANJALI,EQ
INE262H01021,Persistent Systems Ltd.,Information Technology,PERSISTENT,EQ
INE347G01014,Petronet LNG Ltd.,Oil Gas & Consumable Fuels,PETRONET,EQ
INE182A01018,Pfizer Ltd.,Healthcare,PFIZER,EQ
INE211B01039,Phoenix Mills Ltd.,Realty,PHOENIXLTD,EQ
INE318A01026,Pidilite Industries Ltd.,Chemicals,PIDILITIND,EQ
INE0DK501011,Piramal Pharma Ltd.,Healthcare,PPLPHARMA,EQ
INE205C01021,Poly Medicure Ltd.,Healthcare,POLYMED,EQ
INE455K01017,Polycab India Ltd.,Capital Goods,POLYCAB,EQ
INE511C01022,Poonawalla Fincorp Ltd.,Financial Services,POONAWALLA,EQ
INE134E01011,Power Finance Corporation Ltd.,Financial Services,PFC,EQ
INE752E01010,Power Grid Corporation of India Ltd.,Power,POWERGRID,EQ
INE074A01025,Praj Industries Ltd.,Capital Goods,PRAJIND,EQ
INE0BS701011,Premier Energies Ltd.,Capital Goods,PREMIERENE,EQ
INE811K01011,Prestige Estates Projects Ltd.,Realty,PRESTIGE,EQ
INE179A01014,Procter & Gamble Hygiene & Health Care Ltd.,Fast Moving Consumer Goods,PGHH,EQ
INE160A01022,Punjab National Bank,Financial Services,PNB,EQ
INE777K01022,R R Kabel Ltd.,Capital Goods,RRKABEL,EQ
INE976G01028,RBL Bank Ltd.,Financial Services,RBLBANK,EQ
INE020B01018,REC Ltd.,Financial Services,RECLTD,EQ
INE743M01012,RHI MAGNESITA INDIA LTD.,Capital Goods,RHIM,EQ
INE320J01015,RITES Ltd.,Construction,RITES,EQ
INE944F01028,Radico Khaitan Ltd,Fast Moving Consumer Goods,RADICO,EQ
INE415G01027,Rail Vikas Nigam Ltd.,Construction,RVNL,EQ
INE0DD101019,Railtel Corporation Of India Ltd.,Telecommunication,RAILTEL,EQ
INE961O01016,Rainbow Childrens Medicare Ltd.,Healthcare,RAINBOW,EQ
INE399G01023,Ramkrishna Forgings Ltd.,Automobile and Auto Components,RKFORGE,EQ
INE027A01015,Rashtriya Chemicals & Fertilizers Ltd.,Chemicals,RCF,EQ
INE891D01026,Redington Ltd.,Services,REDINGTON,EQ
INE002A01018,Reliance Industries Ltd.,Oil Gas & Consumable Fuels,RELIANCE,EQ
INE036A01016,Reliance Infrastructure Ltd.,Power,RELINFRA,BE
INE614G01033,Reliance Power Ltd.,Power,RPOWER,EQ
INE423Y01016,SBFC Finance Ltd.,Financial Services,SBFC,EQ
INE018E01016,SBI Cards and Payment Services Ltd.,Financial Services,SBICARD,EQ
INE123W01016,SBI Life Insurance Company Ltd.,Financial Services,SBILIFE,EQ
INE002L01015,SJVN Ltd.,Power,SJVN,EQ
INE647A01010,SRF Ltd.,Chemicals,SRF,EQ
INE0W2G01015,Sagility Ltd.,Information Technology,SAGILITY,EQ
INE570L01029,Sai Life Sciences Ltd.,Healthcare,SAILIFE,EQ
INE148I01020,Sammaan Capital Ltd.,Financial Services,SAMMAANCAP,EQ
INE775A01035,Samvardhana Motherson International Ltd.,Automobile and Auto Components,MOTHERSON,EQ
INE806T01020,Sapphire Foods India Ltd.,Consumer Services,SAPPHIRE,EQ
INE385C01021,Sarda Energy and Minerals Ltd.,Metals & Mining,SARDAEN,EQ
INE979A01025,Saregama India Ltd,Media Entertainment & Publication,SAREGAMA,EQ
INE513A01022,Schaeffler India Ltd.,Automobile and Auto Components,SCHAEFFLER,EQ
INE839M01018,Schneider Electric Infrastructure Ltd.,Capital Goods,SCHNEIDER,EQ
INE109A01011,Shipping Corporation of India Ltd.,Services,SCI,EQ
INE070A01015,Shree Cement Ltd.,Construction Materials,SHREECEM,EQ
INE721A01047,Shriram Finance Ltd.,Financial Services,SHRIRAMFIN,EQ
INE810G01011,Shyam Metalics and Energy Ltd.,Capital Goods,SHYAMMETL,EQ
INE1NPP01017,Siemens Energy India Ltd.,Capital Goods,ENRIN,EQ
INE003A01024,Siemens Ltd.,Capital Goods,SIEMENS,EQ
INE903U01023,Signatureglobal (India) Ltd.,Realty,SIGNATURE,EQ
INE671H01015,Sobha Ltd.,Realty,SOBHA,EQ
INE343H01029,Solar Industries India Ltd.,Chemicals,SOLARINDS,EQ
INE073K01018,Sona BLW Precision Forgings Ltd.,Automobile and Auto Components,SONACOMS,EQ
INE269A01021,Sonata Software Ltd.,Information Technology,SONATSOFTW,EQ
INE575P01011,Star Health and Allied Insurance Company Ltd.,Financial Services,STARHEALTH,EQ
INE062A01020,State Bank of India,Financial Services,SBIN,EQ
INE114A01011,Steel Authority of India Ltd.,Metals & Mining,SAIL,EQ
INE258G01013,Sumitomo Chemical India Ltd.,Chemicals,SUMICHEM,EQ
INE044A01036,Sun Pharmaceutical Industries Ltd.,Healthcare,SUNPHARMA,EQ
INE424H01027,Sun TV Network Ltd.,Media Entertainment & Publication,SUNTV,EQ
INE660A01013,Sundaram Finance Ltd.,Financial Services,SUNDARMFIN,EQ
INE387A01021,Sundram Fasteners Ltd.,Automobile and Auto Components,SUNDRMFAST,EQ
INE195A01028,Supreme Industries Ltd.,Capital Goods,SUPREMEIND,EQ
INE040H01021,Suzlon Energy Ltd.,Capital Goods,SUZLON,EQ
INE665A01038,Swan Corp Ltd.,Chemicals,SWANCORP,EQ
INE00H001014,Swiggy Ltd.,Consumer Services,SWIGGY,EQ
INE398R01022,Syngene International Ltd.,Healthcare,SYNGENE,EQ
INE0DYJ01015,Syrma SGS Technology Ltd.,Capital Goods,SYRMA,EQ
INE673O01025,TBO Tek Ltd.,Consumer Services,TBOTEK,EQ
INE494B01023,TVS Motor Company Ltd.,Automobile and Auto Components,TVSMOTOR,EQ
INE092A01019,Tata Chemicals Ltd.,Chemicals,TATACHEM,EQ
INE151A01013,Tata Communications Ltd.,Telecommunication,TATACOMM,EQ
INE467B01029,Tata Consultancy Services Ltd.,Information Technology,TCS,EQ
INE192A01025,Tata Consumer Products Ltd.,Fast Moving Consumer Goods,TATACONSUM,EQ
INE670A01012,Tata Elxsi Ltd.,Information Technology,TATAELXSI,EQ
INE672A01026,Tata Investment Corporation Ltd.,Financial Services,TATAINVEST,EQ
INE155A01022,Tata Motors Passenger Vehicles Ltd.,Automobile and Auto Components,TMPV,EQ
INE245A01021,Tata Power Co. Ltd.,Power,TATAPOWER,EQ
INE081A01020,Tata Steel Ltd.,Metals & Mining,TATASTEEL,EQ
INE142M01025,Tata Technologies Ltd.,Information Technology,TATATECH,EQ
INE517B01013,Tata Teleservices (Maharashtra) Ltd.,Telecommunication,TTML,EQ
INE669C01036,Tech Mahindra Ltd.,Information Technology,TECHM,EQ
INE285K01026,Techno Electric & Engineering Company Ltd.,Construction,TECHNOE,EQ
INE010J01012,Tejas Networks Ltd.,Telecommunication,TEJASNET,EQ
INE470Y01017,The New India Assurance Company Ltd.,Financial Services,NIACL,EQ
INE331A01037,The Ramco Cements Ltd.,Construction Materials,RAMCOCEM,EQ
INE152A01029,Thermax Ltd.,Capital Goods,THERMAX,EQ
INE325A01013,Timken India Ltd.,Capital Goods,TIMKEN,EQ
INE615H01020,Titagarh Rail Systems Ltd.,Capital Goods,TITAGARH,EQ
INE280A01028,Titan Company Ltd.,Consumer Durables,TITAN,EQ
INE685A01028,Torrent Pharmaceuticals Ltd.,Healthcare,TORNTPHARM,EQ
INE813H01021,Torrent Power Ltd.,Power,TORNTPOWER,EQ
INE763I01026,Transformers And Rectifiers (India) Ltd.,Capital Goods,TARIL,EQ
INE849A01020,Trent Ltd.,Consumer Services,TRENT,EQ
INE064C01022,Trident Ltd.,Textiles,TRIDENT,EQ
INE256C01024,Triveni Engineering & Industries Ltd.,Fast Moving Consumer Goods,TRIVENI,EQ
INE152M01016,Triveni Turbine Ltd.,Capital Goods,TRITURBINE,EQ
INE974X01010,Tube Investments of India Ltd.,Automobile and Auto Components,TIINDIA,EQ
INE691A01018,UCO Bank,Financial Services,UCOBANK,EQ
INE405E01023,UNO Minda Ltd.,Automobile and Auto Components,UNOMINDA,EQ
INE628A01036,UPL Ltd.,Chemicals,UPL,EQ
INE094J01016,UTI Asset Management Company Ltd.,Financial Services,UTIAMC,EQ
INE481G01011,UltraTech Cement Ltd.,Construction Materials,ULTRACEMCO,EQ
INE692A01016,Union Bank of India,Financial Services,UNIONBANK,EQ
INE686F01025,United Breweries Ltd.,Fast Moving Consumer Goods,UBL,EQ
INE854D01024,United Spirits Ltd.,Fast Moving Consumer Goods,UNITDSPR,EQ
INE228A01035,Usha Martin Ltd.,Capital Goods,USHAMART,EQ
INE951I01027,V-Guard Industries Ltd.,Consumer Durables,VGUARD,EQ
INE879I01012,Valor Estate Ltd.,Consumer Services,DBREALTY,EQ
INE825A01020,Vardhman Textiles Ltd.,Textiles,VTL,EQ
INE200M01039,Varun Beverages Ltd.,Fast Moving Consumer Goods,VBL,EQ
INE825V01034,Vedant Fashions Ltd.,Consumer Services,MANYAVAR,EQ
INE205A01025,Vedanta Ltd.,Metals & Mining,VEDL,EQ
INE781S01027,Ventive Hospitality Ltd.,Consumer Services,VENTIVE,EQ
INE043W01024,Vijaya Diagnostic Centre Ltd.,Healthcare,VIJAYA,EQ
INE01EA01019,Vishal Mega Mart Ltd.,Consumer Services,VMM,EQ
INE669E01016,Vodafone Idea Ltd.,Telecommunication,IDEA,EQ
INE226A01021,Voltas Ltd.,Consumer Durables,VOLTAS,EQ
INE377N01017,Waaree Energies Ltd.,Capital Goods,WAAREEENER,EQ
INE191B01025,Welspun Corp Ltd.,Capital Goods,WELCORP,EQ
INE192B01031,Welspun Living Ltd.,Textiles,WELSPUNLIV,EQ
INE716A01013,Whirlpool of India Ltd.,Consumer Durables,WHIRLPOOL,EQ
INE075A01022,Wipro Ltd.,Information Technology,WIPRO,EQ
INE049B01025,Wockhardt Ltd.,Healthcare,WOCKPHARMA,EQ
INE528G01035,Yes Bank Ltd.,Financial Services,YESBANK,EQ
INE342J01019,ZF Commercial Vehicle Control Systems India Ltd.,Automobile and Auto Components,ZFCVINDIA,EQ
INE256A01028,Zee Entertainment Enterprises Ltd.,Media Entertainment & Publication,ZEEL,EQ
INE251B01027,Zen Technologies Ltd.,Capital Goods,ZENTEC,EQ
INE520A01027,Zensar Technolgies Ltd.,Information Technology,ZENSARTECH,EQ
INE010B01027,Zydus Lifesciences Ltd.,Healthcare,ZYDUSLIFE,EQ
INE738I01010,eClerx Services Ltd.,Services,ECLERX,EQ
INE415A01038,AGI Greenpac Ltd.,Capital Goods,AGI,EQ
INE491J01022,ASK Automotive Ltd.,Automobile and Auto Components,ASKAUTOLTD,EQ
INE767A01016,Aarti Drugs Ltd.,Healthcare,AARTIDRUGS,EQ
INE0LRU01027,Aarti Pharmalabs Ltd.,Healthcare,AARTIPHARM,EQ
INE00FF01025,Acutaas Chemicals Ltd.,Healthcare,ACUTAAS,EQ
INE837H01020,Advanced Enzyme Tech Ltd.,Healthcare,ADVENZYMES,EQ
INE0BWX01014,Aether Industries Ltd.,Chemicals,AETHER,EQ
INE758C01029,Ahluwalia Contracts (India) Ltd.,Construction,AHLUCONT,EQ
INE274Y01021,Ajax Engineering Ltd.,Capital Goods,AJAXENGG,EQ
INE03Q201024,Alivus Life Sciences Ltd.,Healthcare,ALIVUS,EQ
INE418H01029,Allcargo Logistics Ltd.,Services,ALLCARGO,EQ
INE552Z01027,Allied Blenders and Distillers Ltd.,Fast Moving Consumer Goods,ABDL,EQ
INE930P01018,Anupam Rasayan India Ltd.,Chemicals,ANURAS,EQ
INE988S01028,Apeejay Surrendra Park Hotels Ltd.,Consumer Services,PARKHOTELS,EQ
INE128X01021,Archean Chemical Industries Ltd.,Chemicals,ACI,EQ
INE955V01021,Arvind Fashions Ltd.,Consumer Services,ARVINDFASN,EQ
INE034A01011,Arvind Ltd.,Textiles,ARVIND,EQ
INE442H01029,Ashoka Buildcon Ltd.,Construction,ASHOKA,EQ
INE386C01029,Astra Microwave Products Ltd.,Capital Goods,ASTRAMICRO,EQ
INE132H01018,Aurionpro Solution Ltd.,Information Technology,AURIONPRO,EQ
INE0LCL01028,Avalon Technologies Ltd.,Capital Goods,AVALON,EQ
INE871C01038,Avanti Feeds Ltd.,Fast Moving Consumer Goods,AVANTIFEED,EQ
INE108V01019,Awfis Space Solutions Ltd.,Services,AWFIS,EQ
INE02IJ01035,Azad Engineering Ltd.,Capital Goods,AZAD,EQ
INE193E01025,Bajaj Electricals Ltd,Consumer Durables,BAJAJELEC,EQ
INE050E01027,Balaji Amines Ltd.,Chemicals,BALAMINES,EQ
INE011E01029,Balu Forge Industries Ltd.,Capital Goods,BALUFORGE,EQ
INE213C01025,Banco Products (India) Ltd.,Automobile and Auto Components,BANCOINDIA,EQ
INE894V01022,Belrise Industries Ltd.,Automobile and Auto Components,BELRISE,EQ
INE464A01036,Bharat Bijlee Ltd.,Capital Goods,BBL,EQ
INE340A01012,Birla Corporation Ltd.,Construction Materials,BIRLACORPN,EQ
INE0UIZ01018,Blackbuck Ltd.,Services,BLACKBUCK,EQ
INE666D01022,Borosil Renewables Ltd.,Capital Goods,BORORENEW,EQ
INE782A01015,Bosch Home Comfort India Ltd.,Consumer Durables,BOSCH-HCIL,EQ
INE536H01010,CIE Automotive India Ltd.,Automobile and Auto Components,CIEINDIA,EQ
INE925R01014,CMS Info Systems Ltd.,Services,CMSINFO,EQ
INE679A01013,CSB Bank Ltd.,Financial Services,CSBBANK,EQ
INE290S01011,Cartrade Tech Ltd.,Consumer Services,CARTRADE,EQ
INE0AG901020,Ceigall India Ltd.,Construction,CEIGALL,EQ
INE0LMW01024,Cello World Ltd.,Consumer Durables,CELLO,EQ
INE686A01026,Cemindia Projects Ltd.,Construction,CEMPRO,EQ
INE675C01017,Cigniti Technologies Ltd.,Information Technology,CIGNITITEC,EQ
INE055S01018,Cyient DLM Ltd.,Capital Goods,CYIENTDLM,EQ
INE503A01015,DCB Bank Ltd.,Financial Services,DCBBANK,EQ
INE365B01017,Datamatics Global Services Ltd.,Information Technology,DATAMATICS,EQ
INE435G01025,Dhanuka Agritech Ltd.,Chemicals,DHANUKA,EQ
INE989C01038,Diamond Power Infrastructure Ltd.,Capital Goods,DIACABS,EQ
INE917M01012,Dilip Buildcon Ltd.,Construction,DBL,EQ
INE385W01011,Dishman Carbogen Amcis Ltd.,Healthcare,DCAL,EQ
INE021O01019,Dodla Dairy Ltd.,Fast Moving Consumer Goods,DODLA,EQ
DUM418H01029,Dummy Allcargo Logistics Ltd.,Services,DUMMYALCAR,EQ
INE221B01012,Dynamatic Technologies Ltd.,Capital Goods,DYNAMATECH,EQ
INE255A01020,EPL Ltd.,Capital Goods,EPL,EQ
INE07O001026,Easy Trip Planners Ltd.,Consumer Services,EASEMYTRIP,EQ
INE532F01054,Edelweiss Financial Services Ltd.,Financial Services,EDELWEISS,EQ
INE02YR01019,Electronics Mart India Ltd.,Consumer Services,EMIL,EQ
INE086A01029,Electrosteel Castings Ltd.,Capital Goods,ELECTCAST,EQ
INE069I01010,Embassy Developments Ltd.,Realty,EMBDL,BE
INE010601016,Entero Healthcare Solutions Ltd.,Consumer Services,ENTERO,EQ
INE0LLY01014,Enviro Infra Engineers Ltd.,Utilities,EIEL,EQ
INE071N01016,Epigral Ltd.,Chemicals,EPIGRAL,EQ
INE063P01018,Equitas Small Finance Bank Ltd.,Financial Services,EQUITASBNK,EQ
INE04TZ01018,Ethos Ltd.,Consumer Durables,ETHOSLTD,EQ
INE0KCE01017,Eureka Forbes Ltd.,Consumer Durables,EUREKAFORB,EQ
INE258B01022,FDC Ltd.,Healthcare,FDC,EQ
INE737H01014,Fiem Industries Ltd,Automobile and Auto Components,FIEMIND,EQ
INE686Y01026,Fine Organic Industries Ltd.,Chemicals,FINEORG,EQ
INE201P01022,G R Infraprojects Ltd.,Construction,GRINFRA,EQ
INE539A01019,GHCL Ltd.,Chemicals,GHCL,EQ
INE541A01023,GMM Pfaudler Ltd.,Capital Goods,GMMPFAUDLR,EQ
INE0CU601026,GMR Power and Urban Infra Ltd.,Power,GMRP&UI,EQ
INE524A01029,Gabriel India Ltd.,Automobile and Auto Components,GABRIEL,EQ
INE297H01019,Gallantt Ispat Ltd.,Capital Goods,GALLANTT,EQ
INE460C01014,Ganesh Housing Ltd.,Realty,GANESHHOU,EQ
INE845D01014,Ganesha Ecosphere Ltd.,Textiles,GANECOS,EQ
INE291A01017,Garware Hi-Tech Films Ltd.,Capital Goods,GRWRHITECH,EQ
INE276A01018,Garware Technical Fibres Ltd.,Textiles,GARFIBRES,EQ
INE079J01017,Gateway Distriparks Ltd.,Services,GATEWAY,EQ
INE887G01027,Gokaldas Exports Ltd.,Textiles,GOKEX,EQ
INE224A01026,Greaves Cotton Ltd.,Capital Goods,GREAVESCOT,EQ
INE08ZM01014,Greenpanel Industries Ltd.,Consumer Durables,GREENPANEL,EQ
INE036B01030,Gujarat Ambuja Exports Ltd.,Fast Moving Consumer Goods,GAEL,EQ
INE113A01013,Gujarat Narmada Valley Fertilizers and Chemicals Ltd.,Chemicals,GNFC,EQ
INE517F01014,Gujarat Pipavav Port Ltd.,Services,GPPL,EQ
INE026A01025,Gujarat State Fertilizers & Chemicals Ltd.,Chemicals,GSFC,EQ
INE635Q01029,Gulf Oil Lubricants India Ltd.,Oil Gas & Consumable Fuels,GULFOILLUB,EQ
INE926X01010,H.G. Infra Engineering Ltd.,Construction,HGINFRA,EQ
INE075I01017,Healthcare Global Enterprises Ltd.,Healthcare,HCG,EQ
INE0AJG01018,Hemisphere Properties India Ltd.,Services,HEMIPROP,EQ
INE978A01027,Heritage Foods Ltd.,Fast Moving Consumer Goods,HERITGFOOD,EQ
INE475B01022,Hikal Ltd.,Healthcare,HIKAL,EQ
INE549A01026,Hindustan Construction Co. Ltd.,Construction,HCC,EQ
INE559A01017,IFB Industries Ltd.,Consumer Durables,IFBIND,EQ
INE489L01022,IIFL Capital Services Ltd.,Financial Services,IIFLCAPS,EQ
INE172N01012,Imagicaaworld Entertainment Ltd.,Consumer Services,IMAGICAA,EQ
INE560A01023,India Glycols Ltd.,Fast Moving Consumer Goods,INDIAGLYCO,EQ
INE922K01024,India Shelter Finance Corporation Ltd.,Financial Services,INDIASHLTR,EQ
INE919H01018,Indian Metals & Ferro Alloys Ltd.,Metals & Mining,IMFA,EQ
INE09VQ01012,Indigo Paints Ltd.,Consumer Durables,INDIGOPNTS,EQ
INE483B01026,Indo Count Industries Ltd.,Textiles,ICIL,EQ
INE483S01020,Infibeam Avenues Ltd.,Financial Services,INFIBEAM,EQ
INE177A01018,Ingersoll Rand (India) Ltd.,Capital Goods,INGERRAND,EQ
INE0DUT01020,Innova Captab Ltd.,Healthcare,INNOVACAP,EQ
INE510W01014,Inox Green Energy Services Ltd.,Power,INOXGREEN,EQ
INE570A01022,Ion Exchange (India) Ltd.,Utilities,IONEXCHANG,EQ
INE858B01029,Isgec Heavy Engineering Ltd.,Construction,ISGEC,EQ
INE576I01022,J.Kumar Infraprojects Ltd.,Construction,JKIL,EQ
INE786A01032,JK Lakshmi Cement Ltd.,Construction Materials,JKLAKSHMI,EQ
INE789E01012,JK Paper Ltd.,Forest Materials,JKPAPER,EQ
INE091G01026,Jai Balaji Industries Ltd.,Metals & Mining,JAIBALAJI,EQ
INE175A01038,Jain Irrigation Systems Ltd.,Capital Goods,JISLJALEQS,EQ
INE039C01032,Jamna Auto Industries Ltd.,Automobile and Auto Components,JAMNAAUTO,EQ
INE953L01027,Jana Small Finance Bank Ltd.,Financial Services,JSFB,EQ
INE247D01039,Jindal Worldwide Ltd.,Textiles,JINDWORLD,EQ
INE599M01018,Justdial Ltd.,Consumer Services,JUSTDIAL,EQ
INE634I01029,KNR Constructions Ltd.,Construction,KNRCON,EQ
INE542W01025,KPI Green Energy Ltd.,Power,KPIGREEN,EQ
INE001B01026,KRBL Ltd.,Fast Moving Consumer Goods,KRBL,EQ
INE0Q3J01015,KRN Heat Exchanger and Refrigeration Ltd.,Capital Goods,KRN,EQ
INE907A01026,Kalyani Steels Ltd.,Capital Goods,KSL,EQ
INE531A01024,Kansai Nerolac Paints Ltd.,Consumer Durables,KANSAINER,EQ
INE614B01018,Karnataka Bank Ltd.,Financial Services,KTKBANK,EQ
INE455I01029,Kaveri Seed Company Ltd.,Fast Moving Consumer Goods,KSCL,EQ
INE811A01020,Kirloskar Pneumatic Company Ltd.,Capital Goods,KIRLPNU,EQ
INE602G01020,Kitex Garments Ltd.,Textiles,KITEX,EQ
INE269B01029,LMW Ltd.,Capital Goods,LMW,EQ
INE576O01020,Laxmi Organic Industries Ltd.,Chemicals,LXCHEM,EQ
INE0HV901016,Le Travenues Technology Ltd.,Consumer Services,IXIGO,EQ
INE093R01011,Lloyds Engineering Works Ltd.,Capital Goods,LLOYDSENGG,EQ
INE080I01025,Lloyds Enterprises Ltd.,Metals & Mining,LLOYDSENT,EQ
INE872H01027,Lumax Auto Technologies Ltd.,Automobile and Auto Components,LUMAXTECH,EQ
INE150G01020,Lux Industries Ltd.,Textiles,LUXIND,EQ
INE490G01020,MOIL Ltd.,Metals & Mining,MOIL,EQ
INE255X01014,MSTC Ltd.,Services,MSTCLTD,EQ
INE864I01014,MTAR Technologies Ltd.,Capital Goods,MTARTECH,EQ
INE813A01018,Mahindra Lifespace Developers Ltd.,Realty,MAHLIFE,EQ
INE949H01023,Man Infraconstruction Ltd.,Construction,MANINFRA,EQ
INE00VM01036,Manorama Industries Ltd.,Fast Moving Consumer Goods,MANORAMA,EQ
INE750C01026,Marksans Pharma Ltd.,Healthcare,MARKSANS,EQ
INE759A01021,Mastek Ltd.,Information Technology,MASTEK,EQ
INE03EI01018,Max Estates Ltd.,Realty,MAXESTATES,EQ
INE804L01022,Medplus Health Services Ltd.,Consumer Services,MEDPLUS,EQ
INE099Z01011,Mishra Dhatu Nigam Ltd.,Capital Goods,MIDHANI,EQ
INE495P01020,Mrs. Bectors Food Specialities Ltd.,Fast Moving Consumer Goods,BECTORFOOD,EQ
INE136S01016,NEOGEN CHEMICALS LTD.,Chemicals,NEOGEN,EQ
INE317F01035,NESCO Ltd.,Services,NESCO,EQ
INE870D01012,National Fertilizers Ltd.,Chemicals,NFL,EQ
INE418L01047,Nazara Technologies Ltd.,Media Entertainment & Publication,NAZARA,EQ
INE870H01013,Network18 Media & Investments Ltd.,Media Entertainment & Publication,NETWORK18,EQ
INE350C01017,Optiemus Infracom Ltd.,Telecommunication,OPTIEMUS,EQ
INE191A01027,Orchid Pharma Ltd.,Healthcare,ORCHPHARMA,EQ
INE876N01018,Orient Cement Ltd.,Construction Materials,ORIENTCEM,EQ
INE0BYP01024,Oswal Pumps Ltd.,Capital Goods,OSWALPUMPS,EQ
INE953R01016,P N Gadgil Jewellers Ltd.,Consumer Durables,PNGJL,EQ
INE785M01021,PC Jeweller Ltd.,Consumer Durables,PCJEWELLER,EQ
INE195J01029,PNC Infratech Ltd.,Construction,PNCINFRA,EQ
INE877F01012,PTC India Ltd.,Power,PTC,EQ
INE088F01024,Paradeep Phosphates Ltd.,Chemicals,PARADEEP,EQ
INE045601023,Paras Defence and Space Technologies Ltd.,Capital Goods,PARAS,EQ
INE244B01030,Patel Engineering Ltd.,Construction,PATELENG,EQ
INE940H01022,Pearl Global Industries Ltd.,Textiles,PGIL,EQ
INE633B01018,Polyplex Corporation Ltd.,Capital Goods,POLYPLEX,EQ
INE211R01019,Power Mech Projects Ltd.,Construction,POWERMECH,EQ
INE726V01018,Pricol Ltd.,Automobile and Auto Components,PRICOLLTD,EQ
INE689W01016,Prince Pipes and Fittings Ltd.,Capital Goods,PRINCEPIPE,EQ
INE010A01011,Prism Johnson Ltd.,Construction Materials,PRSMJOHNSN,EQ
INE959A01019,Privi Speciality Chemicals Ltd.,Chemicals,PRIVISCL,EQ
INE00F201020,Prudent Corporate Advisory Services Ltd.,Financial Services,PRUDENT,EQ
INE323I01011,Puravankara Ltd.,Realty,PURVA,EQ
INE615P01015,Quess Corp Ltd.,Services,QUESS,EQ
INE855B01025,Rain Industries Ltd,Chemicals,RAIN,EQ
INE613A01020,Rallis India Ltd.,Chemicals,RALLIS,EQ
INE0CLI01024,Rategain Travel Technologies Ltd.,Information Technology,RATEGAIN,EQ
INE703B01027,Ratnamani Metals & Tubes Ltd.,Capital Goods,RATNAMANI,EQ
INE834M01019,RattanIndia Enterprises Ltd.,Consumer Services,RTNINDIA,EQ
INE399K01017,RattanIndia Power Ltd.,Power,RTNPOWER,EQ
INE02ID01020,Raymond Lifestyle Ltd.,Textiles,RAYMONDLSL,EQ
INE056I01025,Refex Industries Ltd.,Chemicals,REFEX,EQ
INE131B01039,Relaxo Footwears Ltd.,Consumer Durables,RELAXO,EQ
INE621H01010,Religare Enterprises Ltd.,Financial Services,RELIGARE,EQ
INE07T201019,Restaurant Brands Asia Ltd.,Consumer Services,RBA,EQ
INE450U01017,Route Mobile Ltd.,Telecommunication,ROUTE,EQ
INE01IU01018,SKY GOLD AND DIAMONDS Ltd.,Consumer Durables,SKYGOLD,EQ
INE429E01023,Safari Industries (India) Ltd.,Consumer Durables,SAFARI,EQ
INE08U801020,Samhi Hotels Ltd.,Consumer Services,SAMHI,EQ
INE149K01016,Sandur Manganese & Iron Ores Ltd.,Oil Gas & Consumable Fuels,SANDUMA,EQ
INE0UOS01011,Sanofi Consumer Healthcare India Ltd.,Healthcare,SANOFICONR,EQ
INE058A01010,Sanofi India Ltd.,Healthcare,SANOFI,EQ
INE953O01021,Sansera Engineering Ltd.,Automobile and Auto Components,SANSERA,EQ
INE602W01027,Senco Gold Ltd.,Consumer Durables,SENCO,EQ
INE807F01027,Sequent Scientific Ltd.,Healthcare,SEQUENT,EQ
INE151G01028,Shaily Engineering Plastics Ltd.,Capital Goods,SHAILY,EQ
INE908D01010,Shakti Pumps (India) Ltd.,Capital Goods,SHAKTIPUMP,EQ
INE221J01015,Sharda Cropchem Ltd.,Chemicals,SHARDACROP,EQ
INE597I01028,Sharda Motor Industries Ltd.,Automobile and Auto Components,SHARDAMOTR,EQ
INE932X01026,Share India Securities Ltd.,Financial Services,SHAREINDIA,EQ
INE916U01025,Sheela Foam Ltd.,Consumer Durables,SFL,EQ
INE790G01031,Shilpa Medicare Ltd.,Healthcare,SHILPAMED,EQ
INE087H01022,Shree Renuka Sugars Ltd.,Fast Moving Consumer Goods,RENUKA,EQ
INE526E01018,Shriram Pistons & Rings Ltd.,Automobile and Auto Components,SHRIPISTON,EQ
INE439E01022,Skipper Ltd.,Capital Goods,SKIPPER,EQ
INE683A01023,South Indian Bank Ltd.,Financial Services,SOUTHBANK,EQ
INE460H01021,Star Cement Ltd.,Construction Materials,STARCEMENT,EQ
INE00M201021,Sterling and Wilson Renewable Energy Ltd.,Construction,SWSOLAR,EQ
INE089C01029,Sterlite Technologies Ltd.,Telecommunication,STLTECH,EQ
INE939A01011,Strides Pharma Science Ltd.,Healthcare,STAR,EQ
INE189B01011,Styrenix Performance Materials Ltd.,Chemicals,STYRENIX,EQ
INE287B01021,Subros Ltd.,Capital Goods,SUBROS,EQ
INE659A01023,Sudarshan Chemical Industries Ltd.,Chemicals,SUDARSCHEM,EQ
INE232I01014,Sun Pharma Advanced Research Company Ltd.,Healthcare,SPARC,EQ
INE947A01014,Sunflag Iron & Steel Company Ltd.,Capital Goods,SUNFLAG,EQ
INE805D01034,Sunteck Realty Ltd.,Realty,SUNTECK,EQ
INE07RO01027,Supriya Lifescience Ltd.,Healthcare,SUPRIYA,EQ
INE335A01020,Surya Roshni Ltd.,Capital Goods,SURYAROSNI,EQ
INE225D01027,Symphony Ltd.,Consumer Durables,SYMPHONY,EQ
INE0EK901012,TARC Ltd.,Realty,TARC,EQ
INE419M01027,TD Power Systems Ltd.,Capital Goods,TDPOWERSYS,EQ
INE202Z01029,TSF Investments Ltd.,Financial Services,TSFINV,EQ
INE395N01027,TVS Supply Chain Solutions Ltd.,Services,TVSSCS,EQ
INE483C01032,Tanla Platforms Ltd.,Information Technology,TANLA,EQ
INE985S01024,Teamlease Services Ltd.,Services,TEAMLEASE,EQ
INE011K01018,Tega Industries Ltd.,Capital Goods,TEGA,EQ
INE621L01012,Texmaco Rail & Eng. Ltd.,Capital Goods,TEXRAIL,EQ
INE085J01014,Thangamayil Jewellery Ltd.,Consumer Durables,THANGAMAYL,EQ
INE294Z01018,The Anup Engineering Ltd.,Capital Goods,ANUP,EQ
INE332A01027,Thomas Cook (India) Ltd.,Consumer Services,THOMASCOOK,EQ
INE594H01019,Thyrocare Technologies Ltd.,Healthcare,THYROCARE,EQ
INE133E01013,Tilaknagar Industries Ltd.,Fast Moving Consumer Goods,TI,EQ
INE508G01029,Time Technoplast Ltd.,Capital Goods,TIMETECHNO,EQ
INE716B01029,Tips Music Ltd.,Media Entertainment & Publication,TIPSMUSIC,EQ
INE454P01035,Transrail Lighting Ltd.,Capital Goods,TRANSRAILL,EQ
INE551W01018,Ujjivan Small Finance Bank Ltd.,Financial Services,UJJIVANSFB,EQ
INE0U3I01011,Unimech Aerospace and Manufacturing Ltd.,Capital Goods,UNIMECH,EQ
INE665J01013,V-Mart Retail Ltd.,Consumer Services,VMART,EQ
INE054A01027,V.I.P. Industries Ltd.,Consumer Durables,VIPIND,EQ
INE945H01013,V2 Retail Ltd.,Consumer Services,V2RETAIL,EQ
INE710A01016,VST Industries Ltd.,Fast Moving Consumer Goods,VSTIND,EQ
INE956G01038,Va Tech Wabag Ltd.,Utilities,WABAG,EQ
INE884A01027,Vaibhav Global Ltd.,Consumer Durables,VAIBHAVGBL,EQ
INE665L01035,Varroc Engineering Ltd.,Automobile and Auto Components,VARROC,EQ
INE386A01023,Vesuvius India Ltd.,Capital Goods,VESUVIUS,EQ
INE410B01037,Vinati Organics Ltd.,Chemicals,VINATIORGA,EQ
INE540H01012,Voltamp Transformers Ltd,Capital Goods,VOLTAMP,EQ
INE299N01021,Waaree Renewable Technologies Ltd.,Capital Goods,WAAREERTL,EQ
INE855C01023,Websol Energy System Ltd.,Capital Goods,WEBELSOLAR,EQ
INE625G01013,Welspun Enterprises Ltd.,Construction,WELENT,EQ
INE274F01020,Westlife Foodworld Ltd.,Consumer Services,WESTLIFE,EQ
INE0JO301016,Yatharth Hospital & Trauma Care Services Ltd.,Healthcare,YATHARTH,EQ
INE07K301024,Zaggle Prepaid Ocean Services Ltd.,Information Technology,ZAGGLE,EQ
INE768C01028,Zydus Wellness Ltd.,Fast Moving Consumer Goods,ZYDUSWELL,EQ
INE01QM01018,eMudhra Ltd.,Information Technology,EMUDHRA,EQ
INE041025011,Embassy Office Parks REIT,,EMBASSY,
INE0CCU25019,Mindspace Business Parks REIT,,MINDSPACE,
INE0NDH25011,Nexus Select Trust,,NXST,
INE0FDU25010,Brookfield India Real Estate Trust,,BIRET,
INE1JAR25012,Knowledge Realty Trust,,KRT,
INE219X23014,India Grid Trust (IndiGrid),,INDIGRID,
INE0GGX23010,PowerGrid Infrastructure (PGInvIT),,PGINVIT,
INE183W23014,IRB InvIT Fund,,IRBINVIT,
INE0GTI23014,Shrem InvIT,,SHREMINVIT,
INE0NHL23019,Indus Infra Trust,,INDUSINVIT,
INE05KD23015,India Infrastructure Trust,,ENERGYINF,
INE0Z8Z23013,Capital India Infrastructure Trust,,CAPINVIT,
INE0KXY23015,Vertis Infrastructure Trust,,VERTIS,
INE0MIZ23019,Anzen India Energy Trust,,ANZEN,
INE1UA823019,Anantam Highways Trust,,ANANTAM-IV,
